antidisestablishmentarian	AE2 N T AY0 D IH2 S AH0 S T AE2 B L IH0 SH M AH0 N T EH1 R IY0 AH0 N
interdenominationalism	IH2 N T ER0 D IH0 N AA2 M AH0 N EY1 SH AH0 N AH0 L IH2 Z AH0 M
overintellectualization	OW2 V ER0 IH2 N T AH0 L EH2 K CH UW0 AH0 L AH0 Z EY1 SH AH0 N
otorhinolaryngological	OW2 T OW0 R AY2 N OW0 L EH2 R IH0 NG G AH0 L AA1 JH IH0 K AH0 L
otorhinolaryngology	OW2 T OW0 R AY2 N OW0 L EH2 R IH0 NG G AA1 L AH0 JH IY0
otorhinolaryngologist	OW2 T OW0 R AY2 N OW0 L EH2 R IH0 NG G AA1 L AH0 JH IH0 S T
electroencephalography	IH0 L EH2 K T R OW0 EH0 N S EH2 F AH0 L AA1 G R AH0 F IY0
electroencephalographic	IH0 L EH2 K T R OW0 EH0 N S EH2 F AH0 L OW0 G R AE1 F IH0 K
hypercholesterolemia	HH AY2 P ER0 K AH0 L EH2 S T ER0 AH0 L IY1 M IY0 AH0
psychoneuroimmunology	S AY2 K OW0 N UH2 R OW0 IH2 M Y UW0 N AA1 L AH0 JH IY0
nondenominationalism	N AA2 N D IH0 N AA2 M AH0 N EY1 SH AH0 N AH0 L IH2 Z AH0 M
overindustrialization	OW2 V ER0 IH2 N D AH2 S T R IY0 AH0 L AH0 Z EY1 SH AH0 N
